{"cameraMode":{"drawMode":0,"name":"Shaded","section":"Shading Mode"},"sceneLighting":true,"audioPlay":false,"sceneViewState":{"m_AlwaysRefresh":false,"showFog":true,"showSkybox":false,"showFlares":true,"showImageEffects":true,"showParticleSystems":true,"showVisualEffectGraphs":true,"m_FxEnabled":true},"in2DMode":false,"pivot":{"x":0.09855516254901886,"y":0.5872050523757935,"z":-0.27220970392227175},"rotation":{"x":-0.03730378672480583,"y":-0.9097222089767456,"z":0.08375164866447449,"w":-0.405047744512558},"size":1.3274993896484376,"orthographic":false}