{"cameraMode":{"drawMode":0,"name":"Shaded","section":"Shading Mode"},"sceneLighting":false,"audioPlay":false,"sceneViewState":{"m_AlwaysRefresh":false,"showFog":true,"showSkybox":false,"showFlares":true,"showImageEffects":true,"showParticleSystems":true,"showVisualEffectGraphs":true,"m_FxEnabled":true},"in2DMode":false,"pivot":{"x":-0.003879070281982422,"y":2.0197865962982179,"z":-0.04414176940917969},"rotation":{"x":-0.014317410998046399,"y":-0.9773848652839661,"z":0.20097430050373078,"w":-0.06883934140205383},"size":2.9370081424713136,"orthographic":false}