{"cameraMode":{"drawMode":0,"name":"Shaded","section":"Shading Mode"},"sceneLighting":true,"audioPlay":false,"sceneViewState":{"m_AlwaysRefresh":false,"showFog":true,"showSkybox":true,"showFlares":true,"showImageEffects":true,"showParticleSystems":true,"showVisualEffectGraphs":true,"m_FxEnabled":true},"in2DMode":false,"pivot":{"x":1035.373291015625,"y":547.4251708984375,"z":712.5331420898438},"rotation":{"x":-0.02458513155579567,"y":0.06454657018184662,"z":-0.0045047602616250519,"w":-0.9985517263412476},"size":1072.847900390625,"orthographic":false}