{"cameraMode":{"drawMode":0,"name":"Shaded","section":"Shading Mode"},"sceneLighting":false,"audioPlay":false,"sceneViewState":{"m_AlwaysRefresh":false,"showFog":true,"showSkybox":false,"showFlares":true,"showImageEffects":true,"showParticleSystems":true,"showVisualEffectGraphs":true,"m_FxEnabled":true},"in2DMode":false,"pivot":{"x":-29.525009155273439,"y":1.9407484531402588,"z":21.721471786499025},"rotation":{"x":-0.0015564332716166974,"y":-0.9970863461494446,"z":0.07773705571889878,"w":-0.01847418025135994},"size":3.023022174835205,"orthographic":false}