{"cameraMode":{"drawMode":0,"name":"Shaded","section":"Shading Mode"},"sceneLighting":false,"audioPlay":false,"sceneViewState":{"m_AlwaysRefresh":false,"showFog":true,"showSkybox":false,"showFlares":true,"showImageEffects":true,"showParticleSystems":true,"showVisualEffectGraphs":true,"m_FxEnabled":true},"in2DMode":false,"pivot":{"x":0.000001430511474609375,"y":0.7069925665855408,"z":4.76837158203125e-7},"rotation":{"x":-0.09472973644733429,"y":-0.6145874261856079,"z":0.07140111178159714,"w":-0.7806435823440552},"size":2.541712522506714,"orthographic":false}